case-name,cpu,duration,frame,git-branch,git-commit,git-datetime,git-timestamp,machine,nodename,test-name,test-size,uuid
07_unsteady_init_piezo,1,3.653646234,Whole Program,master,6c6561d7d5c7dbd23ffb78c4e3969ee8b89d7783,2018-06-15 16:53:50,1529074430,charon.nti.tul.cz,charon,10_darcy,1054,55ad03b46bd2408bb85595dc3fb68f74
08_gravity,1,2.145888129,Whole Program,master,6c6561d7d5c7dbd23ffb78c4e3969ee8b89d7783,2018-06-15 16:53:50,1529074430,charon.nti.tul.cz,charon,10_darcy,4016,9192be2cf255496cb5cde931b12fe496
01_source,1,2.102272568,Whole Program,master,6c6561d7d5c7dbd23ffb78c4e3969ee8b89d7783,2018-06-15 16:53:50,1529074430,charon.nti.tul.cz,charon,10_darcy,4016,6485a068627043db816ec998270f1181
05_unsteady_LMH_exact,1,28.282635621,Whole Program,master,6c6561d7d5c7dbd23ffb78c4e3969ee8b89d7783,2018-06-15 16:53:50,1529074430,charon.nti.tul.cz,charon,10_darcy,942,11b64f92f8b74e38a2700df71ee16a85
02_unsteady,1,3.219827613,Whole Program,master,6c6561d7d5c7dbd23ffb78c4e3969ee8b89d7783,2018-06-15 16:53:50,1529074430,charon.nti.tul.cz,charon,10_darcy,942,144853c50a76468b9480ab263d8e3ad9
06_unsteady_MH_exact,1,5.903457351,Whole Program,master,6c6561d7d5c7dbd23ffb78c4e3969ee8b89d7783,2018-06-15 16:53:50,1529074430,charon.nti.tul.cz,charon,10_darcy,942,8c2a72450bb14c438366f495a2bf1ad6
03_unsteady_LMH,1,14.704075434,Whole Program,master,6c6561d7d5c7dbd23ffb78c4e3969ee8b89d7783,2018-06-15 16:53:50,1529074430,charon.nti.tul.cz,charon,10_darcy,942,dbe5443d0efe489db673a8514a342593
04_source_LMH,1,2.632857819,Whole Program,master,6c6561d7d5c7dbd23ffb78c4e3969ee8b89d7783,2018-06-15 16:53:50,1529074430,charon.nti.tul.cz,charon,10_darcy,4016,adecf9638a044974bd5969f3c853cc32
06_river_square,1,1.281566282,Whole Program,master,6c6561d7d5c7dbd23ffb78c4e3969ee8b89d7783,2018-06-15 16:53:50,1529074430,charon.nti.tul.cz,charon,11_darcy_bc,1054,fe505cdff0b3434298123cba09719846
09_seepage_stagnation,1,1.621450456,Whole Program,master,6c6561d7d5c7dbd23ffb78c4e3969ee8b89d7783,2018-06-15 16:53:50,1529074430,charon.nti.tul.cz,charon,11_darcy_bc,1054,bc7bfee0828048cbb0947c95a4a8e84b
01_dirichlet,1,0.955041078,Whole Program,master,6c6561d7d5c7dbd23ffb78c4e3969ee8b89d7783,2018-06-15 16:53:50,1529074430,charon.nti.tul.cz,charon,11_darcy_bc,942,b03af02e7b184a5295231c3c573499ee
07_river_slope,1,1.138607937,Whole Program,master,6c6561d7d5c7dbd23ffb78c4e3969ee8b89d7783,2018-06-15 16:53:50,1529074430,charon.nti.tul.cz,charon,11_darcy_bc,1350,ccabbef83fff4a98b1ca85a0d8db3c7b
10_dirichlet_LMH,1,1.026799505,Whole Program,master,6c6561d7d5c7dbd23ffb78c4e3969ee8b89d7783,2018-06-15 16:53:50,1529074430,charon.nti.tul.cz,charon,11_darcy_bc,942,6a155f0ea2ca4db4a12cf9c00a0fdce7
02_neumann,1,0.953530123,Whole Program,master,6c6561d7d5c7dbd23ffb78c4e3969ee8b89d7783,2018-06-15 16:53:50,1529074430,charon.nti.tul.cz,charon,11_darcy_bc,942,f6656250c22945aab4c6a7479a4d1f45
04_total_flux,1,0.821435544,Whole Program,master,6c6561d7d5c7dbd23ffb78c4e3969ee8b89d7783,2018-06-15 16:53:50,1529074430,charon.nti.tul.cz,charon,11_darcy_bc,942,5f273c0c591649b485a3364a851e096e
03_robin,1,0.862294383,Whole Program,master,6c6561d7d5c7dbd23ffb78c4e3969ee8b89d7783,2018-06-15 16:53:50,1529074430,charon.nti.tul.cz,charon,11_darcy_bc,942,237c05eda0854448931141b57486e3f9
05_seepage,1,2.240813635,Whole Program,master,6c6561d7d5c7dbd23ffb78c4e3969ee8b89d7783,2018-06-15 16:53:50,1529074430,charon.nti.tul.cz,charon,11_darcy_bc,1054,564b1412d5d3420ca1def027294723af
03_piezo,1,1.120222478,Whole Program,master,6c6561d7d5c7dbd23ffb78c4e3969ee8b89d7783,2018-06-15 16:53:50,1529074430,charon.nti.tul.cz,charon,12_darcy_frac,831,bce9e46fc88f413b9b6724b17e33369e
10_exact_2d_cc,1,0.887291602,Whole Program,master,6c6561d7d5c7dbd23ffb78c4e3969ee8b89d7783,2018-06-15 16:53:50,1529074430,charon.nti.tul.cz,charon,12_darcy_frac,1052,f8c114d635b745f183609e2a0caa4586
02_unsteady_MH_time_dep,1,0.886788964,Whole Program,master,6c6561d7d5c7dbd23ffb78c4e3969ee8b89d7783,2018-06-15 16:53:50,1529074430,charon.nti.tul.cz,charon,13_darcy_time,20,ede84b1be2654e16a12b60f5dbd28fe0
01_square,1,1.553713777,Whole Program,master,6c6561d7d5c7dbd23ffb78c4e3969ee8b89d7783,2018-06-15 16:53:50,1529074430,charon.nti.tul.cz,charon,13_darcy_time,942,675af7c3549246258a6e7ddd1134eb09
03_1d_horizontal,1,13.631014051,Whole Program,master,6c6561d7d5c7dbd23ffb78c4e3969ee8b89d7783,2018-06-15 16:53:50,1529074430,charon.nti.tul.cz,charon,14_darcy_richards,200,bcd95e0e3f3a4d79bfe19be2c204e7ad
02_1d_dirichlet,1,11.24450264,Whole Program,master,6c6561d7d5c7dbd23ffb78c4e3969ee8b89d7783,2018-06-15 16:53:50,1529074430,charon.nti.tul.cz,charon,14_darcy_richards,250,2a61549046d846daabdbe829e16f5aee
04_2d_horizontal,1,11.079541574,Whole Program,master,6c6561d7d5c7dbd23ffb78c4e3969ee8b89d7783,2018-06-15 16:53:50,1529074430,charon.nti.tul.cz,charon,14_darcy_richards,356,fe92f99a92a048aab10b293f2ef38589
01_1d,1,11.384032767,Whole Program,master,6c6561d7d5c7dbd23ffb78c4e3969ee8b89d7783,2018-06-15 16:53:50,1529074430,charon.nti.tul.cz,charon,14_darcy_richards,250,90597cde79014372aee2ae3076e1a6a5
01_sources_small,1,0.662766176,Whole Program,master,6c6561d7d5c7dbd23ffb78c4e3969ee8b89d7783,2018-06-15 16:53:50,1529074430,charon.nti.tul.cz,charon,20_solute_fv,40,992c725d27a340148b4db466bda5b9f4
03_bc,1,1.230611348,Whole Program,master,6c6561d7d5c7dbd23ffb78c4e3969ee8b89d7783,2018-06-15 16:53:50,1529074430,charon.nti.tul.cz,charon,20_solute_fv,800,f7251d7b80594eadbb2bce0135b29b0f
02_sources,1,5.272255659,Whole Program,master,6c6561d7d5c7dbd23ffb78c4e3969ee8b89d7783,2018-06-15 16:53:50,1529074430,charon.nti.tul.cz,charon,20_solute_fv,2148,0b24d3be61cd4027a445c55a0e951579
02_fv_dp_sorp_vtk,1,3.078823017,Whole Program,master,6c6561d7d5c7dbd23ffb78c4e3969ee8b89d7783,2018-06-15 16:53:50,1529074430,charon.nti.tul.cz,charon,21_solute_fv_frac,724,4c6e184ada06428ab3ee387417558937
03_fv_dp_sorp_small,1,0.971707292,Whole Program,master,6c6561d7d5c7dbd23ffb78c4e3969ee8b89d7783,2018-06-15 16:53:50,1529074430,charon.nti.tul.cz,charon,21_solute_fv_frac,124,03208dcd46074fce9694af54bcc03325
04_y_branch,1,1.891328625,Whole Program,master,6c6561d7d5c7dbd23ffb78c4e3969ee8b89d7783,2018-06-15 16:53:50,1529074430,charon.nti.tul.cz,charon,21_solute_fv_frac,198,4e64ea9d4d314de3bf392599070ceda8
01_fv_dp_sorp_gmsh,1,2.837232138,Whole Program,master,6c6561d7d5c7dbd23ffb78c4e3969ee8b89d7783,2018-06-15 16:53:50,1529074430,charon.nti.tul.cz,charon,21_solute_fv_frac,724,7f1002378b4f49048c2bccc826a33552
04_unsteady_flow,1,61.944584951,Whole Program,master,6c6561d7d5c7dbd23ffb78c4e3969ee8b89d7783,2018-06-15 16:53:50,1529074430,charon.nti.tul.cz,charon,22_solute_fv_time,968,91fd12b53a6c4c6b84e345dc0772a268
02_bc,1,1.370660212,Whole Program,master,6c6561d7d5c7dbd23ffb78c4e3969ee8b89d7783,2018-06-15 16:53:50,1529074430,charon.nti.tul.cz,charon,22_solute_fv_time,1080,898abf9ebf1b425d98034e3a35229e1b
01_fv_dp_sorp_small,1,1.22009155,Whole Program,master,6c6561d7d5c7dbd23ffb78c4e3969ee8b89d7783,2018-06-15 16:53:50,1529074430,charon.nti.tul.cz,charon,22_solute_fv_time,124,e98b581a73cc4c56ad41f81e5f0df866
03_bc_short_pulse,1,0.762719461,Whole Program,master,6c6561d7d5c7dbd23ffb78c4e3969ee8b89d7783,2018-06-15 16:53:50,1529074430,charon.nti.tul.cz,charon,22_solute_fv_time,250,3cbf821b6df54e3d8e5cd113baac153e
01_sources,1,10.000429727,Whole Program,master,6c6561d7d5c7dbd23ffb78c4e3969ee8b89d7783,2018-06-15 16:53:50,1529074430,charon.nti.tul.cz,charon,24_solute_dg,2148,9542be127ce84319bcd09dec81819825
02_aniso_diff,1,5.218870873,Whole Program,master,6c6561d7d5c7dbd23ffb78c4e3969ee8b89d7783,2018-06-15 16:53:50,1529074430,charon.nti.tul.cz,charon,24_solute_dg,942,012d624197514f438054719421f8eead
02_dirichlet,1,2.929858648,Whole Program,master,6c6561d7d5c7dbd23ffb78c4e3969ee8b89d7783,2018-06-15 16:53:50,1529074430,charon.nti.tul.cz,charon,25_solute_dg_bc,800,cab47c903cff432f9eddfdadb244651b
01_inflow,1,2.769274283,Whole Program,master,6c6561d7d5c7dbd23ffb78c4e3969ee8b89d7783,2018-06-15 16:53:50,1529074430,charon.nti.tul.cz,charon,25_solute_dg_bc,800,2a0086c5a8814191b107c8ea72642b02
04_diff_flux,1,2.839109423,Whole Program,master,6c6561d7d5c7dbd23ffb78c4e3969ee8b89d7783,2018-06-15 16:53:50,1529074430,charon.nti.tul.cz,charon,25_solute_dg_bc,800,4be11fa8cdbc41be92d7839160e5efdf
03_total_flux,1,2.88174015,Whole Program,master,6c6561d7d5c7dbd23ffb78c4e3969ee8b89d7783,2018-06-15 16:53:50,1529074430,charon.nti.tul.cz,charon,25_solute_dg_bc,800,63b8db4d67c4423bb13451e1ba8f7fb2
05_diffusion_fracture,1,1.041439764,Whole Program,master,6c6561d7d5c7dbd23ffb78c4e3969ee8b89d7783,2018-06-15 16:53:50,1529074430,charon.nti.tul.cz,charon,26_solute_dg_frac,67,0a1e0d42b77a4c688021b0a5f3af94f7
04_y_branch,1,1.981788554,Whole Program,master,6c6561d7d5c7dbd23ffb78c4e3969ee8b89d7783,2018-06-15 16:53:50,1529074430,charon.nti.tul.cz,charon,26_solute_dg_frac,198,9122cc34439c45dfb07e59a59940de05
03_dg_dp_sorp_small,1,1.621783002,Whole Program,master,6c6561d7d5c7dbd23ffb78c4e3969ee8b89d7783,2018-06-15 16:53:50,1529074430,charon.nti.tul.cz,charon,26_solute_dg_frac,124,6f16036b6d714a72a455b02bf469fd0b
02_dg_dp,1,4.236456502,Whole Program,master,6c6561d7d5c7dbd23ffb78c4e3969ee8b89d7783,2018-06-15 16:53:50,1529074430,charon.nti.tul.cz,charon,26_solute_dg_frac,724,24d5ef4a8b7d4124b1bbfb11ebbf923e
01_vtk,1,2.774919003,Whole Program,master,6c6561d7d5c7dbd23ffb78c4e3969ee8b89d7783,2018-06-15 16:53:50,1529074430,charon.nti.tul.cz,charon,26_solute_dg_frac,724,bc7c0179ecd94f16b9e5c66bd107b6ee
04_bc_short_pulse,1,3.510859599,Whole Program,master,6c6561d7d5c7dbd23ffb78c4e3969ee8b89d7783,2018-06-15 16:53:50,1529074430,charon.nti.tul.cz,charon,27_solute_dg_time,1312,d461fb67e42849c5ae85925549446420
05_unsteady_flow,1,16.491156835,Whole Program,master,6c6561d7d5c7dbd23ffb78c4e3969ee8b89d7783,2018-06-15 16:53:50,1529074430,charon.nti.tul.cz,charon,27_solute_dg_time,800,66c5f8d7717a48f3ac2fdbcada724b57
03_bc,1,3.75520527,Whole Program,master,6c6561d7d5c7dbd23ffb78c4e3969ee8b89d7783,2018-06-15 16:53:50,1529074430,charon.nti.tul.cz,charon,27_solute_dg_time,1080,c7ab0334393d43d09b238356ca214394
06_sources,1,11.448216231,Whole Program,master,6c6561d7d5c7dbd23ffb78c4e3969ee8b89d7783,2018-06-15 16:53:50,1529074430,charon.nti.tul.cz,charon,27_solute_dg_time,2148,ee33a32bb91a401cb162d92df41105ed
01_frac_gmsh,1,4.373708804,Whole Program,master,6c6561d7d5c7dbd23ffb78c4e3969ee8b89d7783,2018-06-15 16:53:50,1529074430,charon.nti.tul.cz,charon,27_solute_dg_time,724,9d9e4440d94348a7a257e3657dd36a56
02_dg_dp_sorp_small,1,2.354043537,Whole Program,master,6c6561d7d5c7dbd23ffb78c4e3969ee8b89d7783,2018-06-15 16:53:50,1529074430,charon.nti.tul.cz,charon,27_solute_dg_time,124,c6a89869dbad4780a05f5d9033af355c
09_linear_var,1,10.629502762,Whole Program,master,6c6561d7d5c7dbd23ffb78c4e3969ee8b89d7783,2018-06-15 16:53:50,1529074430,charon.nti.tul.cz,charon,30_sorption,1306,13ea7f4744ff472a921a7423a888e301
01_simple,1,0.705573018,Whole Program,master,6c6561d7d5c7dbd23ffb78c4e3969ee8b89d7783,2018-06-15 16:53:50,1529074430,charon.nti.tul.cz,charon,30_sorption,11,98a2586b0df0495eb0ba7884207d5b12
05_freundlich,1,4.823517143,Whole Program,master,6c6561d7d5c7dbd23ffb78c4e3969ee8b89d7783,2018-06-15 16:53:50,1529074430,charon.nti.tul.cz,charon,30_sorption,1306,1b50af5df9f64f64a28ed182ca127983
08_freundlich_var,1,16.299984698,Whole Program,master,6c6561d7d5c7dbd23ffb78c4e3969ee8b89d7783,2018-06-15 16:53:50,1529074430,charon.nti.tul.cz,charon,30_sorption,1306,adbbfe6ff8d9441dbc51c5f4fd6ed4d6
03_flow_trans_sorp,1,6.257839963,Whole Program,master,6c6561d7d5c7dbd23ffb78c4e3969ee8b89d7783,2018-06-15 16:53:50,1529074430,charon.nti.tul.cz,charon,30_sorption,1306,1a6ae116ec934ee0b2fea56a96ca8036
07_langmuir_var,1,11.109585794,Whole Program,master,6c6561d7d5c7dbd23ffb78c4e3969ee8b89d7783,2018-06-15 16:53:50,1529074430,charon.nti.tul.cz,charon,30_sorption,1306,e6e28e4cd1d64a0cb75e7140703f3664
06_linear,1,4.913041741,Whole Program,master,6c6561d7d5c7dbd23ffb78c4e3969ee8b89d7783,2018-06-15 16:53:50,1529074430,charon.nti.tul.cz,charon,30_sorption,1306,d1c017213fcf48ddbf6a6301473797d1
04_langmuir,1,4.940516634,Whole Program,master,6c6561d7d5c7dbd23ffb78c4e3969ee8b89d7783,2018-06-15 16:53:50,1529074430,charon.nti.tul.cz,charon,30_sorption,1306,4ce9751b0c5c45b2a0689913a43f3773
10_linear_dg,1,9.414980748,Whole Program,master,6c6561d7d5c7dbd23ffb78c4e3969ee8b89d7783,2018-06-15 16:53:50,1529074430,charon.nti.tul.cz,charon,30_sorption,1306,70cebd05f8b94ebe96bae6ea0ab59b38
02_source,1,0.596664083,Whole Program,master,6c6561d7d5c7dbd23ffb78c4e3969ee8b89d7783,2018-06-15 16:53:50,1529074430,charon.nti.tul.cz,charon,30_sorption,11,c65a0e88af664a95888ce1e6fd7ba4cd
04_sorp,1,0.718348441,Whole Program,master,6c6561d7d5c7dbd23ffb78c4e3969ee8b89d7783,2018-06-15 16:53:50,1529074430,charon.nti.tul.cz,charon,31_dual_por,40,2f5de629862449df8c2b6526650b1e29
06_cfl,1,0.613103249,Whole Program,master,6c6561d7d5c7dbd23ffb78c4e3969ee8b89d7783,2018-06-15 16:53:50,1529074430,charon.nti.tul.cz,charon,31_dual_por,40,5257d7f910304b938160dba43c05da10
05_sorp_reaction,1,0.711598795,Whole Program,master,6c6561d7d5c7dbd23ffb78c4e3969ee8b89d7783,2018-06-15 16:53:50,1529074430,charon.nti.tul.cz,charon,31_dual_por,40,e271dc11bcf94d519e18141a8e010297
01,1,0.691099506,Whole Program,master,6c6561d7d5c7dbd23ffb78c4e3969ee8b89d7783,2018-06-15 16:53:50,1529074430,charon.nti.tul.cz,charon,31_dual_por,40,a4460ae5f70844ee8a9bcbd8583aeb3e
02_time,1,0.562366869,Whole Program,master,6c6561d7d5c7dbd23ffb78c4e3969ee8b89d7783,2018-06-15 16:53:50,1529074430,charon.nti.tul.cz,charon,31_dual_por,40,c72e184250f74812bb07083bb52811ce
03_reaction,1,0.599811152,Whole Program,master,6c6561d7d5c7dbd23ffb78c4e3969ee8b89d7783,2018-06-15 16:53:50,1529074430,charon.nti.tul.cz,charon,31_dual_por,40,6a5ba67889864fa7a36565cf234bdc29
03_3el_molar_mass,1,0.73959836,Whole Program,master,6c6561d7d5c7dbd23ffb78c4e3969ee8b89d7783,2018-06-15 16:53:50,1529074430,charon.nti.tul.cz,charon,32_decay,3,03f65b0edc4f48bba787dc345576fd01
04_3el_chain,1,0.816411963,Whole Program,master,6c6561d7d5c7dbd23ffb78c4e3969ee8b89d7783,2018-06-15 16:53:50,1529074430,charon.nti.tul.cz,charon,32_decay,3,6418c1a178d146c1a48ca908f3da138b
02_3el_cfl,1,0.582996905,Whole Program,master,6c6561d7d5c7dbd23ffb78c4e3969ee8b89d7783,2018-06-15 16:53:50,1529074430,charon.nti.tul.cz,charon,32_decay,3,140b28b2b45f49a8b8850e4fda842255
01_3el,1,0.83858107,Whole Program,master,6c6561d7d5c7dbd23ffb78c4e3969ee8b89d7783,2018-06-15 16:53:50,1529074430,charon.nti.tul.cz,charon,32_decay,3,3727012d94044652bdc64135fe323ee4
01_3el_long,1,0.82604834,Whole Program,master,6c6561d7d5c7dbd23ffb78c4e3969ee8b89d7783,2018-06-15 16:53:50,1529074430,charon.nti.tul.cz,charon,33_reaction,3,227f3ed8a49544559faba046a9de1b19
03_3el_cfl,1,0.601840506,Whole Program,master,6c6561d7d5c7dbd23ffb78c4e3969ee8b89d7783,2018-06-15 16:53:50,1529074430,charon.nti.tul.cz,charon,33_reaction,3,5319c05dd3b4438d8371c849f24bd3e9
02_3el_6subst,1,0.871944045,Whole Program,master,6c6561d7d5c7dbd23ffb78c4e3969ee8b89d7783,2018-06-15 16:53:50,1529074430,charon.nti.tul.cz,charon,33_reaction,3,b5bda868bf88419bab8cdc2d16c3dced
01_frac,1,4.122596573,Whole Program,master,6c6561d7d5c7dbd23ffb78c4e3969ee8b89d7783,2018-06-15 16:53:50,1529074430,charon.nti.tul.cz,charon,34_sorption_dg,724,cff7f30b365147c29247d44c89774975
02_fast_frac_flow_slow_diff,1,8.265372338,Whole Program,master,6c6561d7d5c7dbd23ffb78c4e3969ee8b89d7783,2018-06-15 16:53:50,1529074430,charon.nti.tul.cz,charon,34_sorption_dg,390,c5fe70c23b27457a8bc35a754ad2a87b
01_flow_heat,1,4.563126514,Whole Program,master,6c6561d7d5c7dbd23ffb78c4e3969ee8b89d7783,2018-06-15 16:53:50,1529074430,charon.nti.tul.cz,charon,40_heat,1271,1979c7c24c1641a0945e4f43c7751a24
04_dif_por_2d,1,16.394789629,Whole Program,master,6c6561d7d5c7dbd23ffb78c4e3969ee8b89d7783,2018-06-15 16:53:50,1529074430,charon.nti.tul.cz,charon,40_heat,2718,1cd05f6917c24e8f9012f4d229a72f21
03_dif_por,1,6.978772971,Whole Program,master,6c6561d7d5c7dbd23ffb78c4e3969ee8b89d7783,2018-06-15 16:53:50,1529074430,charon.nti.tul.cz,charon,40_heat,1054,aa92b6ea93934f8780e4069e7b01582a
02_flow_transport_heat,1,3.878661922,Whole Program,master,6c6561d7d5c7dbd23ffb78c4e3969ee8b89d7783,2018-06-15 16:53:50,1529074430,charon.nti.tul.cz,charon,40_heat,1271,b0aff827ef434fcfb4360d025b4729f2
05_unsteady_LMH_exact,1,28.4794514,Whole Program,master,6c6561d7d5c7dbd23ffb78c4e3969ee8b89d7783,2018-06-15 16:53:50,1529074430,charon.nti.tul.cz,charon,10_darcy,942,2721a62307b04ca08a13064fdaa9ef15
08_gravity,1,2.11023303,Whole Program,master,6c6561d7d5c7dbd23ffb78c4e3969ee8b89d7783,2018-06-15 16:53:50,1529074430,charon.nti.tul.cz,charon,10_darcy,4016,7021fbc0dad34b5e8a014607867c5954
07_unsteady_init_piezo,1,3.413892171,Whole Program,master,6c6561d7d5c7dbd23ffb78c4e3969ee8b89d7783,2018-06-15 16:53:50,1529074430,charon.nti.tul.cz,charon,10_darcy,1054,fb0e819d9ed24ee8af1b978ed37f0979
04_source_LMH,1,2.641741418,Whole Program,master,6c6561d7d5c7dbd23ffb78c4e3969ee8b89d7783,2018-06-15 16:53:50,1529074430,charon.nti.tul.cz,charon,10_darcy,4016,afbde7eca6594a23a302c4f75e2102e4
03_unsteady_LMH,1,14.676752134,Whole Program,master,6c6561d7d5c7dbd23ffb78c4e3969ee8b89d7783,2018-06-15 16:53:50,1529074430,charon.nti.tul.cz,charon,10_darcy,942,adda5eac0a934d54b0139df549592968
02_unsteady,1,3.211360413,Whole Program,master,6c6561d7d5c7dbd23ffb78c4e3969ee8b89d7783,2018-06-15 16:53:50,1529074430,charon.nti.tul.cz,charon,10_darcy,942,e1866f2dd5f847b7b9df256cfc6dba7b
01_source,1,2.083493378,Whole Program,master,6c6561d7d5c7dbd23ffb78c4e3969ee8b89d7783,2018-06-15 16:53:50,1529074430,charon.nti.tul.cz,charon,10_darcy,4016,ee103785c67a4418807a256b2253d161
06_unsteady_MH_exact,1,5.862579461,Whole Program,master,6c6561d7d5c7dbd23ffb78c4e3969ee8b89d7783,2018-06-15 16:53:50,1529074430,charon.nti.tul.cz,charon,10_darcy,942,30ca0eaf0d9541a1888c42acb3b7ab93
05_seepage,1,2.258356686,Whole Program,master,6c6561d7d5c7dbd23ffb78c4e3969ee8b89d7783,2018-06-15 16:53:50,1529074430,charon.nti.tul.cz,charon,11_darcy_bc,1054,7f68a4223c444d14b2c1580dc9dde282
01_dirichlet,1,0.92964798,Whole Program,master,6c6561d7d5c7dbd23ffb78c4e3969ee8b89d7783,2018-06-15 16:53:50,1529074430,charon.nti.tul.cz,charon,11_darcy_bc,942,e6d2bc99a60c4bec95c86adaddc45342
09_seepage_stagnation,1,1.665286125,Whole Program,master,6c6561d7d5c7dbd23ffb78c4e3969ee8b89d7783,2018-06-15 16:53:50,1529074430,charon.nti.tul.cz,charon,11_darcy_bc,1054,957271f1473d48b3b3e1fbde36880544
04_total_flux,1,0.91735571,Whole Program,master,6c6561d7d5c7dbd23ffb78c4e3969ee8b89d7783,2018-06-15 16:53:50,1529074430,charon.nti.tul.cz,charon,11_darcy_bc,942,da68643b486e4778aad1302b79c15119
07_river_slope,1,1.149989924,Whole Program,master,6c6561d7d5c7dbd23ffb78c4e3969ee8b89d7783,2018-06-15 16:53:50,1529074430,charon.nti.tul.cz,charon,11_darcy_bc,1350,c53d1aac0b8746d289411ae80505b795
02_neumann,1,0.835279443,Whole Program,master,6c6561d7d5c7dbd23ffb78c4e3969ee8b89d7783,2018-06-15 16:53:50,1529074430,charon.nti.tul.cz,charon,11_darcy_bc,942,cb061cd4ec0741f6909cf0bf236630fb
06_river_square,1,1.179286773,Whole Program,master,6c6561d7d5c7dbd23ffb78c4e3969ee8b89d7783,2018-06-15 16:53:50,1529074430,charon.nti.tul.cz,charon,11_darcy_bc,1054,2097928e89384ca596ba3eccfd9f023d
03_robin,1,0.930051438,Whole Program,master,6c6561d7d5c7dbd23ffb78c4e3969ee8b89d7783,2018-06-15 16:53:50,1529074430,charon.nti.tul.cz,charon,11_darcy_bc,942,c2aaecd829194c87b1112104d2162815
10_dirichlet_LMH,1,1.046512741,Whole Program,master,6c6561d7d5c7dbd23ffb78c4e3969ee8b89d7783,2018-06-15 16:53:50,1529074430,charon.nti.tul.cz,charon,11_darcy_bc,942,0590ed5971a745a2804435902e7bcf81
04_bddc,1,1.220922374,Whole Program,master,6c6561d7d5c7dbd23ffb78c4e3969ee8b89d7783,2018-06-15 16:53:50,1529074430,charon.nti.tul.cz,charon,12_darcy_frac,831,65b7eb7a361f4405b24879a1024f2d18
03_piezo,1,1.143413109,Whole Program,master,6c6561d7d5c7dbd23ffb78c4e3969ee8b89d7783,2018-06-15 16:53:50,1529074430,charon.nti.tul.cz,charon,12_darcy_frac,831,8a862385314343c4845052af8e46a17a
06_cube,1,0.769633983,Whole Program,master,6c6561d7d5c7dbd23ffb78c4e3969ee8b89d7783,2018-06-15 16:53:50,1529074430,charon.nti.tul.cz,charon,12_darcy_frac,393,dbeabec4cfeb4c8dace7290dc3d5b080
01_gmsh,1,1.010784178,Whole Program,master,6c6561d7d5c7dbd23ffb78c4e3969ee8b89d7783,2018-06-15 16:53:50,1529074430,charon.nti.tul.cz,charon,12_darcy_frac,831,51d219f3e9a94ecea60f94af4f531678
02_vtk,1,1.00504277,Whole Program,master,6c6561d7d5c7dbd23ffb78c4e3969ee8b89d7783,2018-06-15 16:53:50,1529074430,charon.nti.tul.cz,charon,12_darcy_frac,831,15e683962e4944d1b6e8b11a4bf03609
05_square,1,0.566840682,Whole Program,master,6c6561d7d5c7dbd23ffb78c4e3969ee8b89d7783,2018-06-15 16:53:50,1529074430,charon.nti.tul.cz,charon,12_darcy_frac,44,f6a5ab0e77e049448f13c8d54cf80f01
31_surf_cube_23d_p0,1,67.508525232,Whole Program,master,6c6561d7d5c7dbd23ffb78c4e3969ee8b89d7783,2018-06-15 16:53:50,1529074430,charon.nti.tul.cz,charon,12_darcy_frac,51118,68e494e6c7284257a4cd41ba713781ed
30_surf_cube_cc,1,1.193731217,Whole Program,master,6c6561d7d5c7dbd23ffb78c4e3969ee8b89d7783,2018-06-15 16:53:50,1529074430,charon.nti.tul.cz,charon,12_darcy_frac,1406,c3624f86e72742e2af5cc05e0520c5bf
10_exact_2d_cc,1,0.782165905,Whole Program,master,6c6561d7d5c7dbd23ffb78c4e3969ee8b89d7783,2018-06-15 16:53:50,1529074430,charon.nti.tul.cz,charon,12_darcy_frac,1052,2b2a2969e412439a9129647758051a8f
02_unsteady_MH_time_dep,1,0.90101847,Whole Program,master,6c6561d7d5c7dbd23ffb78c4e3969ee8b89d7783,2018-06-15 16:53:50,1529074430,charon.nti.tul.cz,charon,13_darcy_time,20,65f8864cc6d145a39181ec9bd8e1f983
01_square,1,1.518370157,Whole Program,master,6c6561d7d5c7dbd23ffb78c4e3969ee8b89d7783,2018-06-15 16:53:50,1529074430,charon.nti.tul.cz,charon,13_darcy_time,942,bf3ed25bf78f4f17beef60e4d2ae23f5
03_1d_horizontal,1,13.509332728,Whole Program,master,6c6561d7d5c7dbd23ffb78c4e3969ee8b89d7783,2018-06-15 16:53:50,1529074430,charon.nti.tul.cz,charon,14_darcy_richards,200,646e64183f474970b814c6d4287d9b62
04_2d_horizontal,1,11.098120198,Whole Program,master,6c6561d7d5c7dbd23ffb78c4e3969ee8b89d7783,2018-06-15 16:53:50,1529074430,charon.nti.tul.cz,charon,14_darcy_richards,356,cd4cc4b4387b4a9e819b1674fecac6c7
02_1d_dirichlet,1,11.17315663,Whole Program,master,6c6561d7d5c7dbd23ffb78c4e3969ee8b89d7783,2018-06-15 16:53:50,1529074430,charon.nti.tul.cz,charon,14_darcy_richards,250,2e13620ef70342f797860360b8cfde93
01_1d,1,11.321671197,Whole Program,master,6c6561d7d5c7dbd23ffb78c4e3969ee8b89d7783,2018-06-15 16:53:50,1529074430,charon.nti.tul.cz,charon,14_darcy_richards,250,70e8bbcbbbb84eda876ea236c0479d11
03_bc,1,1.336674612,Whole Program,master,6c6561d7d5c7dbd23ffb78c4e3969ee8b89d7783,2018-06-15 16:53:50,1529074430,charon.nti.tul.cz,charon,20_solute_fv,800,f1fc3e3222f740d58761e45f8f8841ca
02_sources,1,5.302895232,Whole Program,master,6c6561d7d5c7dbd23ffb78c4e3969ee8b89d7783,2018-06-15 16:53:50,1529074430,charon.nti.tul.cz,charon,20_solute_fv,2148,34899cede78d4560ab6a83e22fb87f0d
01_sources_small,1,0.634081423,Whole Program,master,6c6561d7d5c7dbd23ffb78c4e3969ee8b89d7783,2018-06-15 16:53:50,1529074430,charon.nti.tul.cz,charon,20_solute_fv,40,31c6e531700f4d479dcf12255f62e988
02_fv_dp_sorp_vtk,1,3.210113132,Whole Program,master,6c6561d7d5c7dbd23ffb78c4e3969ee8b89d7783,2018-06-15 16:53:50,1529074430,charon.nti.tul.cz,charon,21_solute_fv_frac,724,e5b2302cdb9c4005a7db9c3b42349ef8
04_y_branch,1,1.811000213,Whole Program,master,6c6561d7d5c7dbd23ffb78c4e3969ee8b89d7783,2018-06-15 16:53:50,1529074430,charon.nti.tul.cz,charon,21_solute_fv_frac,198,7adb1cc003a64d579162756adab42b8c
03_fv_dp_sorp_small,1,0.946195593,Whole Program,master,6c6561d7d5c7dbd23ffb78c4e3969ee8b89d7783,2018-06-15 16:53:50,1529074430,charon.nti.tul.cz,charon,21_solute_fv_frac,124,c78c494154dd4a9e806246170817c447
01_fv_dp_sorp_gmsh,1,2.891731063,Whole Program,master,6c6561d7d5c7dbd23ffb78c4e3969ee8b89d7783,2018-06-15 16:53:50,1529074430,charon.nti.tul.cz,charon,21_solute_fv_frac,724,6c5df0baa2354e869fe528f901788408
04_unsteady_flow,1,61.758711791,Whole Program,master,6c6561d7d5c7dbd23ffb78c4e3969ee8b89d7783,2018-06-15 16:53:50,1529074430,charon.nti.tul.cz,charon,22_solute_fv_time,968,466deca387dd4ebbafa9222e816abb85
02_bc,1,1.44862577,Whole Program,master,6c6561d7d5c7dbd23ffb78c4e3969ee8b89d7783,2018-06-15 16:53:50,1529074430,charon.nti.tul.cz,charon,22_solute_fv_time,1080,ed9f3eadacb843f28e4fa88a9c939410
03_bc_short_pulse,1,0.807203099,Whole Program,master,6c6561d7d5c7dbd23ffb78c4e3969ee8b89d7783,2018-06-15 16:53:50,1529074430,charon.nti.tul.cz,charon,22_solute_fv_time,250,5795e0e52ddd4860b69ebc3e8094dcbf
01_fv_dp_sorp_small,1,1.180339577,Whole Program,master,6c6561d7d5c7dbd23ffb78c4e3969ee8b89d7783,2018-06-15 16:53:50,1529074430,charon.nti.tul.cz,charon,22_solute_fv_time,124,1a23a93972d2471a9e9331bf4ce08623
01_sources,1,10.167053034,Whole Program,master,6c6561d7d5c7dbd23ffb78c4e3969ee8b89d7783,2018-06-15 16:53:50,1529074430,charon.nti.tul.cz,charon,24_solute_dg,2148,f73d435e982148d2b384f8285cc22658
02_aniso_diff,1,5.216297818,Whole Program,master,6c6561d7d5c7dbd23ffb78c4e3969ee8b89d7783,2018-06-15 16:53:50,1529074430,charon.nti.tul.cz,charon,24_solute_dg,942,dd0d36c9510c474aa343a78146254b52
04_diff_flux,1,2.882348851,Whole Program,master,6c6561d7d5c7dbd23ffb78c4e3969ee8b89d7783,2018-06-15 16:53:50,1529074430,charon.nti.tul.cz,charon,25_solute_dg_bc,800,1f3c8697e1b04b74aee724ab38009c61
01_inflow,1,2.761256838,Whole Program,master,6c6561d7d5c7dbd23ffb78c4e3969ee8b89d7783,2018-06-15 16:53:50,1529074430,charon.nti.tul.cz,charon,25_solute_dg_bc,800,5e19283c6c8a46038c55deba1d36fe1b
03_total_flux,1,2.793755078,Whole Program,master,6c6561d7d5c7dbd23ffb78c4e3969ee8b89d7783,2018-06-15 16:53:50,1529074430,charon.nti.tul.cz,charon,25_solute_dg_bc,800,acd544bc5f1443d980055dd2289ad0e6
02_dirichlet,1,2.794318797,Whole Program,master,6c6561d7d5c7dbd23ffb78c4e3969ee8b89d7783,2018-06-15 16:53:50,1529074430,charon.nti.tul.cz,charon,25_solute_dg_bc,800,1943df93b6da4040841a2a91d31a8285
03_dg_dp_sorp_small,1,1.746794774,Whole Program,master,6c6561d7d5c7dbd23ffb78c4e3969ee8b89d7783,2018-06-15 16:53:50,1529074430,charon.nti.tul.cz,charon,26_solute_dg_frac,124,ae9f7455c43e42708ab7c524ea468270
02_dg_dp,1,4.140225425,Whole Program,master,6c6561d7d5c7dbd23ffb78c4e3969ee8b89d7783,2018-06-15 16:53:50,1529074430,charon.nti.tul.cz,charon,26_solute_dg_frac,724,68a6c0ee59f748b984b92b768cc6aa6e
04_y_branch,1,1.983142478,Whole Program,master,6c6561d7d5c7dbd23ffb78c4e3969ee8b89d7783,2018-06-15 16:53:50,1529074430,charon.nti.tul.cz,charon,26_solute_dg_frac,198,29421f3d38e94fc7a063768c62f33736
01_vtk,1,2.700516058,Whole Program,master,6c6561d7d5c7dbd23ffb78c4e3969ee8b89d7783,2018-06-15 16:53:50,1529074430,charon.nti.tul.cz,charon,26_solute_dg_frac,724,361ac0ec8051412db38ac78db4ffb11e
05_diffusion_fracture,1,0.94712773,Whole Program,master,6c6561d7d5c7dbd23ffb78c4e3969ee8b89d7783,2018-06-15 16:53:50,1529074430,charon.nti.tul.cz,charon,26_solute_dg_frac,67,15ce72a86c7d4659811409ae3bea76b3
05_unsteady_flow,1,16.363904529,Whole Program,master,6c6561d7d5c7dbd23ffb78c4e3969ee8b89d7783,2018-06-15 16:53:50,1529074430,charon.nti.tul.cz,charon,27_solute_dg_time,800,3559fa3f1b764f1eac147c129499c9fa
01_frac_gmsh,1,4.326303059,Whole Program,master,6c6561d7d5c7dbd23ffb78c4e3969ee8b89d7783,2018-06-15 16:53:50,1529074430,charon.nti.tul.cz,charon,27_solute_dg_time,724,1f41eb53197f4dff8c8b5f3ff9e312ad
04_bc_short_pulse,1,3.393828373,Whole Program,master,6c6561d7d5c7dbd23ffb78c4e3969ee8b89d7783,2018-06-15 16:53:50,1529074430,charon.nti.tul.cz,charon,27_solute_dg_time,1312,a1e3578020a04ca09e991d696603f2be
03_bc,1,3.772988202,Whole Program,master,6c6561d7d5c7dbd23ffb78c4e3969ee8b89d7783,2018-06-15 16:53:50,1529074430,charon.nti.tul.cz,charon,27_solute_dg_time,1080,24a148901cca4d3b8c2b4606a6d63614
02_dg_dp_sorp_small,1,2.249284733,Whole Program,master,6c6561d7d5c7dbd23ffb78c4e3969ee8b89d7783,2018-06-15 16:53:50,1529074430,charon.nti.tul.cz,charon,27_solute_dg_time,124,7f63af5f64334f2682e899aaf03dd817
06_sources,1,11.48026879,Whole Program,master,6c6561d7d5c7dbd23ffb78c4e3969ee8b89d7783,2018-06-15 16:53:50,1529074430,charon.nti.tul.cz,charon,27_solute_dg_time,2148,2fc48c31d8254f6e9324d954f958f0a8
09_linear_var,1,10.636011533,Whole Program,master,6c6561d7d5c7dbd23ffb78c4e3969ee8b89d7783,2018-06-15 16:53:50,1529074430,charon.nti.tul.cz,charon,30_sorption,1306,d38a6cec1c5c471ab9f7824cf7e7bf04
03_flow_trans_sorp,1,6.350640027,Whole Program,master,6c6561d7d5c7dbd23ffb78c4e3969ee8b89d7783,2018-06-15 16:53:50,1529074430,charon.nti.tul.cz,charon,30_sorption,1306,268c8d8837a24a14ba5e65b7a1b90ac4
06_linear,1,5.0416847,Whole Program,master,6c6561d7d5c7dbd23ffb78c4e3969ee8b89d7783,2018-06-15 16:53:50,1529074430,charon.nti.tul.cz,charon,30_sorption,1306,fc00dec91e384ea38e5c62a85f2bcdba
01_simple,1,0.601833557,Whole Program,master,6c6561d7d5c7dbd23ffb78c4e3969ee8b89d7783,2018-06-15 16:53:50,1529074430,charon.nti.tul.cz,charon,30_sorption,11,0a0e0bb26e3a4b338b8d7c35a1d8ce86
04_langmuir,1,4.9630934,Whole Program,master,6c6561d7d5c7dbd23ffb78c4e3969ee8b89d7783,2018-06-15 16:53:50,1529074430,charon.nti.tul.cz,charon,30_sorption,1306,bb3c2c96dd0a4298b4c47d1fac3aa13d
10_linear_dg,1,9.352738144,Whole Program,master,6c6561d7d5c7dbd23ffb78c4e3969ee8b89d7783,2018-06-15 16:53:50,1529074430,charon.nti.tul.cz,charon,30_sorption,1306,9576155e9c3742289038ad1d565825d7
02_source,1,0.674106445,Whole Program,master,6c6561d7d5c7dbd23ffb78c4e3969ee8b89d7783,2018-06-15 16:53:50,1529074430,charon.nti.tul.cz,charon,30_sorption,11,49573a753ceb4320b4903187dc581479
08_freundlich_var,1,16.363027605,Whole Program,master,6c6561d7d5c7dbd23ffb78c4e3969ee8b89d7783,2018-06-15 16:53:50,1529074430,charon.nti.tul.cz,charon,30_sorption,1306,c1fcffbc2f62493294408a9e6a8a90f5
07_langmuir_var,1,11.30646497,Whole Program,master,6c6561d7d5c7dbd23ffb78c4e3969ee8b89d7783,2018-06-15 16:53:50,1529074430,charon.nti.tul.cz,charon,30_sorption,1306,d158a47f17d747a0afb806297eb29807
05_freundlich,1,5.053270886,Whole Program,master,6c6561d7d5c7dbd23ffb78c4e3969ee8b89d7783,2018-06-15 16:53:50,1529074430,charon.nti.tul.cz,charon,30_sorption,1306,de4f7726ede84fd7a7b28f630b3f8e99
02_time,1,0.701519088,Whole Program,master,6c6561d7d5c7dbd23ffb78c4e3969ee8b89d7783,2018-06-15 16:53:50,1529074430,charon.nti.tul.cz,charon,31_dual_por,40,c1b96f84f08a4544b024b4858ccbeb4a
01,1,0.677576485,Whole Program,master,6c6561d7d5c7dbd23ffb78c4e3969ee8b89d7783,2018-06-15 16:53:50,1529074430,charon.nti.tul.cz,charon,31_dual_por,40,c47b9dcd66a241efbcadc075aa55d9c7
06_cfl,1,0.590231847,Whole Program,master,6c6561d7d5c7dbd23ffb78c4e3969ee8b89d7783,2018-06-15 16:53:50,1529074430,charon.nti.tul.cz,charon,31_dual_por,40,f02b309c95ad42bc9a633a4b327a02a1
04_sorp,1,0.701739486,Whole Program,master,6c6561d7d5c7dbd23ffb78c4e3969ee8b89d7783,2018-06-15 16:53:50,1529074430,charon.nti.tul.cz,charon,31_dual_por,40,ac3a4270cb2d4fc3ab715feb821fc185
05_sorp_reaction,1,0.652871583,Whole Program,master,6c6561d7d5c7dbd23ffb78c4e3969ee8b89d7783,2018-06-15 16:53:50,1529074430,charon.nti.tul.cz,charon,31_dual_por,40,469e7654023f49d8b178ca602fd0c511
03_reaction,1,0.605562993,Whole Program,master,6c6561d7d5c7dbd23ffb78c4e3969ee8b89d7783,2018-06-15 16:53:50,1529074430,charon.nti.tul.cz,charon,31_dual_por,40,7189c16364fa4dfebb4f27b1b007cba6
01_3el,1,0.912658733,Whole Program,master,6c6561d7d5c7dbd23ffb78c4e3969ee8b89d7783,2018-06-15 16:53:50,1529074430,charon.nti.tul.cz,charon,32_decay,3,bad497f5c6c149918cef9384c512f943
03_3el_molar_mass,1,0.728802434,Whole Program,master,6c6561d7d5c7dbd23ffb78c4e3969ee8b89d7783,2018-06-15 16:53:50,1529074430,charon.nti.tul.cz,charon,32_decay,3,c9c99014645e4381901d377495400ad6
02_3el_cfl,1,0.604909111,Whole Program,master,6c6561d7d5c7dbd23ffb78c4e3969ee8b89d7783,2018-06-15 16:53:50,1529074430,charon.nti.tul.cz,charon,32_decay,3,0075ea5af14a4d36bf07de59f1e57ffb
04_3el_chain,1,0.832940363,Whole Program,master,6c6561d7d5c7dbd23ffb78c4e3969ee8b89d7783,2018-06-15 16:53:50,1529074430,charon.nti.tul.cz,charon,32_decay,3,93b780e3272740798f249b1fc8fe06bf
03_3el_cfl,1,0.618153046,Whole Program,master,6c6561d7d5c7dbd23ffb78c4e3969ee8b89d7783,2018-06-15 16:53:50,1529074430,charon.nti.tul.cz,charon,33_reaction,3,e35a8547380a481f9ff392594b333b7f
02_3el_6subst,1,0.866648847,Whole Program,master,6c6561d7d5c7dbd23ffb78c4e3969ee8b89d7783,2018-06-15 16:53:50,1529074430,charon.nti.tul.cz,charon,33_reaction,3,2f20ce4f61624cb5aed58fe134aff202
01_3el_long,1,0.933783087,Whole Program,master,6c6561d7d5c7dbd23ffb78c4e3969ee8b89d7783,2018-06-15 16:53:50,1529074430,charon.nti.tul.cz,charon,33_reaction,3,f2386f53be0e4f729f03ade47257a4e3
02_fast_frac_flow_slow_diff,1,8.188824465,Whole Program,master,6c6561d7d5c7dbd23ffb78c4e3969ee8b89d7783,2018-06-15 16:53:50,1529074430,charon.nti.tul.cz,charon,34_sorption_dg,390,77e3d0d8b957491c9baa2415d44d26b0
01_frac,1,4.033578162,Whole Program,master,6c6561d7d5c7dbd23ffb78c4e3969ee8b89d7783,2018-06-15 16:53:50,1529074430,charon.nti.tul.cz,charon,34_sorption_dg,724,8e2da2a80b524a648aa36a9ee40020ca
01_flow_heat,1,4.516366669,Whole Program,master,6c6561d7d5c7dbd23ffb78c4e3969ee8b89d7783,2018-06-15 16:53:50,1529074430,charon.nti.tul.cz,charon,40_heat,1271,b6b6b9bb34a544489ff4df8078d607e2
03_dif_por,1,7.10119651,Whole Program,master,6c6561d7d5c7dbd23ffb78c4e3969ee8b89d7783,2018-06-15 16:53:50,1529074430,charon.nti.tul.cz,charon,40_heat,1054,dd21c0847b9c43f4b20bbc8ee86915b0
02_flow_transport_heat,1,3.969287678,Whole Program,master,6c6561d7d5c7dbd23ffb78c4e3969ee8b89d7783,2018-06-15 16:53:50,1529074430,charon.nti.tul.cz,charon,40_heat,1271,fd2c1d8bf4564311b0916cfa50538368
04_dif_por_2d,1,16.425302878,Whole Program,master,6c6561d7d5c7dbd23ffb78c4e3969ee8b89d7783,2018-06-15 16:53:50,1529074430,charon.nti.tul.cz,charon,40_heat,2718,c7a041ab05b1488b8940df1ed4c5f247
